[
    {
        "name": "Alabama",
        "abbreviation": "AL"
    },

    {
        "name": "Alaska",
        "abbreviation": "AK"
    },

    {
        "name": "American Samoa",
        "abbreviation": "AS"
    },

    {
        "name": "Arizona",
        "abbreviation": "AZ"
    },

    {
        "name": "Arkansas",
        "abbreviation": "AR"
    },

    {
        "name": "California",
        "abbreviation": "CA"
    },

    {
        "name": "Colorado",
        "abbreviation": "CO"
    },

    {
        "name": "India",
        "abbreviation": "in"
    },

    {
        "name": "Afghanistan",
        "abbreviation": "Af"
    },

    {
        "name": "Albania",
        "abbreviation": "Al"
    },

    {
        "name": "Andorra",
        "abbreviation": "An"
    },

    {
        "name": "Australia",
        "abbreviation": "AU"
    },

    {
        "name": "Egypt",
        "abbreviation": "Eg"
    },
     
    {
        "name": "Indonesia",
        "abbreviation": "in"
    },

    {
        "name": "Iran",
        "abbreviation": "ir"
    },

    {
        "name": "Iraq",
        "abbreviation": "ir"
    },

    {
        "name": "Italy",
        "abbreviation": "it"
    },

    {
        "name": "Japan",
        "abbreviation": "Ja"
    },

    {
        "name": "Jordan",
        "abbreviation": "Jo"
    },

    {
        "name": "Kenya",
        "abbreviation": "Ke"
    },

    {
        "name": "Kuwait",
        "abbreviation": "Ku"
    },

    {
        "name": "Loas",
        "abbreviation": "Lo"
    },

    {
        "name": "Haiti",
        "abbreviation": "Ha"
    },

    {
        "name": "Hungary",
        "abbreviation": "Hu"
    },

    {
        "name": "Mali",
        "abbreviation": "Ma"
    },

    {
        "name": "Malawi",
        "abbreviation": "Ma"
    },

    {
        "name": "Maxico",
        "abbreviation": "Max"
    },

    {
        "name": "Nepal",
        "abbreviation": "Ne"
    },

    {
        "name": "NetherLand",
        "abbreviation": "Net"
    },

    {
        "name": "New Zealand",
        "abbreviation": "new"
    },

    {
        "name": "Nicaragua",
        "abbreviation": "Nic"
    },

    {
        "name": "Niger",
        "abbreviation": "Ni"
    },

    {
        "name": "North Korea",
        "abbreviation": "Nor"
    },

    {
        "name": "Norway",
        "abbreviation": "No"
    },

    {
        "name": "Oman",
        "abbreviation": "Om"
    },

    {
        "name": "Pakistan",
        "abbreviation": "Pa"
    },

    {
        "name": "Peru",
        "abbreviation": "pe"
    },

    {
        "name": "Philippines",
        "abbreviation": "ph"
    },

    {
        "name": "Poland",
        "abbreviation": "po"
    },

    {
        "name": "Qatar",
        "abbreviation": "Qa"
    },

    {
        "name": "Romania",
        "abbreviation": "Ro"
    },

    {
        "name": "Russia",
        "abbreviation": "Ru"
    },

    {
        "name": "San Marino",
        "abbreviation": "Sa"
    },

    {
        "name": "Saudi Arabia",
        "abbreviation": "sa"
    },

    {
        "name": "Serbia",
        "abbreviation": "se"
    },

    {
        "name": "Sri Lanka",
        "abbreviation": "sr"
    },

    {
        "name": "Sweden",
        "abbreviation": "sw"
    },

    {
        "name": "Switzerland",
        "abbreviation": "sw"
    },

    {
        "name": "Syria",
        "abbreviation": "Sy"
    },

    {
        "name": "Thailand",
        "abbreviation": "Th"
    },

    {
        "name": "Turkey",
        "abbreviation": "Tr"
    },

    {
        "name": "Uganda",
        "abbreviation": "Ug"
    },

    {
        "name": "United Kingdom",
        "abbreviation": "Un"
    },

    {
        "name": "United States of America",
        "abbreviation": "Un"
    },

    {
        "name": "Uruguay",
        "abbreviation": "Ur"
    },

    {
        "name": "Uzbekistan",
        "abbreviation": "Uz"
    },

    {
        "name": "Vanuatu",
        "abbreviation": "Va"
    },

    {
        "name": "Venezuela",
        "abbreviation": "Ve"
    },

    {
        "name": "Vietnam",
        "abbreviation": "Vi"
    },

    {
        "name": "Yemen",
        "abbreviation": "Ye"
    },

    {
        "name": "Zambia",
        "abbreviation": "Za"
    },

    {
        "name": "China",
        "abbreviation": "Ch"
    },

    {
        "name": "Zimbabwe",
        "abbreviation": "Zi"
    }
]